{
  "blockNumber": 3575643,
  "items": {
    "0x4366ddc115d8cf213c564da36e64c8ebaa30cdbd":	212900,
    "0x00ad092b099ec663519b69e7d061fb5c11c3819f":	210330.39708809,
    "0xfbb1b73c4f0bda4f67dca266ce6ef42f520fbb98":	143253.20529133,
    "0xc6ac6c663997f5530fa4303413816559d7f0e64f":	142345,
    "0xdb569e2a5af89d492bda0d2bd567c5e5c525c94e":	115988,
    "0x00317cd2da2044840b1ebe775c676530a7c65ba3":	87654.0059,
    "0x2479f13aa8cb50ce134fee0f32e837493a115699":	86889.56255088,
    "0xc203f2019054fce9635b4581c00fef50b91c9851":	66315.9637952,
    "0x80927335696ac13debdfb8bbf0199070519cf818":	64999,
    "0xef89cd9bdcbb20e3ff9181f86a0278fbda4dd8c0":	60394.30098225,
    "0x63ba789d0a124faf01c092796af528e5ff9e0ae5":	39565.8068,
    "0xd47297cdcf36eed17305d6a5471c6cd482c7e91c":	30870.47,
    "0x70a0f6fd3b14ec4ea67e1d0026ae47dabba7c6fd":	26700.63982226,
    "0xaf022b3ae1f77ecb6dec8881e8c582e68f7e8d21":	24204.64474041,
    "0x2548b54636db29a0d571432d0ff57abfa03cd7df":	23601.59834194,
    "0xad6a5bd7ca49281912992be1b726efdef2a91294":	22426.5984,
    "0x8184d4ffc09369dcd5e018eefa054e6bb597aca4":	22122.42200494,
    "0x447f8c2af38455badd1511bedd726f5378b29e25":	18941.69,
    "0xf8fd33c4e992aac4d31cd830b70e82ec3e95dd35":	15030.1709,
    "0x741eb925138c2906ca870fd1100ccf4e8e7893e9":	11571.3872974,
    "0x17012255603b71fa3c0c0fd2356bbed5c99f2039":	11403.8038057,
    "0x058898e8bc27e0d674353fb127d903e733d4354d":	11080.9145,
    "0xc88c7806ea31a88f31d094243b48670b58c2cf42":	11009.30555015,
    "0xa7c5942a8305e88a08ab34fb73ef9dd8b329da05":	10807.0598,
    "0x8ac9ed62fc56c080db8d495b2426076bf2256502":	9999.99,
    "0xb051adede317c895fbbebce52acdfd8a51be173b":	9992.15266431,
    "0x00f7ab131bce32bbc23a89dbb67f2aa3dd5f2f3b":	8695,
    "0x3249f79d00fafc5854935f418bd37e648d36bd5b":	8350.80577666,
    "0xbb5161668e04462ac8c84656bba043597864ba7f":	8286.5047015,
    "0x4ec0393e9386c5313f90b8e673e879dd55434258":	8066.60626751,
    "0xc5408711e1863a821501cfb0e323b470352f8bf2":	7561.042,
    "0x537f9d4d31ef70839d84b0d9cdb72b9afedbdf35":	7331.6393,
    "0x422db71d4c913402c607b9a5332739dca008580d":	7319.2684,
    "0x2b436807504fda94cc09c3a6c039072c937f1bfe":	7075.12,
    "0x0e22eb13295d54820424fc6ec77a8633324737b8":	7000,
    "0x9f62b7e784bc66e433f12bb97e70345c1b7f30d8":	6499.95109999,
    "0x6948e22bcec4c9985ca715eec359d5f34ec847c7":	6489.39513924,
    "0xec11362cec810985d0ebbd7b73451444985b369f":	6192.85676227,
    "0xe10c540088113fa6ec00b4b2c8824f8796e96ec4":	6011.02089668,
    "0xae10e27a014f0d306baf266d4897c89aeee2e974":	6002.58979517,
    "0xc9dcbb056f4db7d9da39936202c5bd8230b3b477":	5984,
    "0x00de5f818693eb9a0b38f78866c43d1ff67218a4":	5606.64970277,
    "0x199d003a20f1e04890d455f57e8d8d5ae295aa9f":	5599.97,
    "0x6689a7e40523c5076bba4f33ca344bb431b1b9e0":	5466.2667,
    "0x00c94555e196eb3fbb8d7f1050efd2d828f7f30c":	5418.28139101,
    "0x7b49dc847b2018d9a184470fe45ceb2fd23fbf82":	5349.5005,
    "0x4afccfce50fb07bd0dca88e7054585bcd3f2f2c1":	5307.9729,
    "0xe13cec7b2c10574e5e89a780582b66d2c3c71b80":	5299.03053091,
    "0xee961914bfd24501fb4c8c0f68e66518da1f5fff":	5292.56851556,
    "0x316eb4e47df71b42e16d6fe46825b7327baf3124":	5140.5003,
    "0x4230cde269b99cbe635b6e94148e9a2b44807513":	5081.916,
    "0xdeedd7acf1e647dde224a71abfc5050e0388e2bc":	5000,
    "0x33d73575962c84084abd1016de0cb5bf448d2c66":	5000,
    "0xc43127db012228bd487822717a44bda198515c88":	4747.66177658,
    "0xf7882303a8651173a7929bb22b7ac67174164d0c":	4710.4382,
    "0x7ef72185c174467a3c7022db545082231ab7cc25":	4649.0393,
    "0xc9281a5609b232a6c5ad610c635d552c14f51a9a":	4485.78231901,
    "0x12804fa3637608e944bdc2aef9cf69c80c34da2c":	4299,
    "0x5464ab7d9153128025dc0ec2742f03d76a6f91f4":	4251.82435542,
    "0xbf07166a7da1f32e7e5865ab6aa0eac2110a1cb7":	4000,
    "0x286635c294b61bf10f416bbb7b579a0035379d33":	3709.0923,
    "0xd9a93390c487b954eb1ad4c8a4acc73840409869":	3687.2541,
    "0xa6e98ececb3693e51937f68a9619dd3ac3f837ae":	3568.2082,
    "0x0be42f2cfddacf24202299648ed73fdbe719ee6f":	3500.00024159,
    "0x6d0a3c72681a3ad9c1a3bcddac2fc2be47bcbb26":	3351.66436273,
    "0xaab74f78c2907ffa4828886eb0ba23b110799a02":	3100.60857973,
    "0xb98518ec3bf3e461d5eef523ce89cf42c3f0aac8":	3051.34585614,
    "0x3fa744f1173641bdfdc12f2ef725e71d1455abaa":	3050.08601555,
    "0x875e03964e5d238b8cec8c140135d6c373696397":	2975.33250957,
    "0xde69d424e0a681903eac859c244cbbf0ed35bfdd":	2865.2497,
    "0xb2070e3c09ace4466ffe821278d3b83cbd3abab8":	2847.50221916,
    "0x70bdd631df60f74362420bf509df68a50bfe5073":	2792.79876567,
    "0x53bb8e8b539c5c75cbf75a102e74160cf040ad59":	2717.0005,
    "0x997c765e5a7b7a13b8ac162e1ab55968d9c9986c":	2702.24504763,
    "0x00467db58edf5d176c857896f77e39b6925e9d30":	2700,
    "0xfedc9f20f7d5d37e9840cb2b15b9905ce1d3eca6":	2700,
    "0x0fecff1cc5f875c5916936ae781df45e9a42ac32":	2696.9001,
    "0x04a2c1c540bc54f691d642644bdfc1b5018eda85":	2679,
    "0x352a905b36485dc8768b9c5fff9819c3783149b9":	2643.0101131,
    "0xc350d1ecc1c71e41612be8c6c690f8af4dda32e6":	2605.8538791,
    "0x0489076a0d17394835af93cd62acff703b6814a9":	2576.37572687,
    "0x0832c3b801319b62ab1d3535615d1fe9afc3397a":	2501.5995884,
    "0xe37cd38159c35a942469b49b3c32ba0f99705d41":	2466.5222,
    "0x00779556a8a60d2547437f52f0a680295e0cad54":	2389.63965544,
    "0x0094378b691db9b4d6074870460ca466270b3cbe":	2289.66394247,
    "0xcf8bbeccf495ad0127c32eb0b284b85d891eee7a":	2200.29969141,
    "0x7cf20a1bb4cae92df714eaf760814860ed5f785f":	2165.66409718,
    "0xd18107043ee3d8fe2dd8a589e5c05262a9b0e72e":	2096.83306,
    "0x095f5a51d06f6340d80b6d29ea2e88118ad730fe":	2063.79737869,
    "0x4996de5a4e624fce5a718b2a2547901fb050c2b4":	2007.71223112,
    "0x4b570856de085dd205cff133e84a21c4805bbaae":	2000.59285803,
    "0x77ac63b763f324823d7ad06760cac321e85c8197":	2000,
    "0x7cde835040f2d0b585a29d5967f890520f53037a":	1999.8,
    "0xadb03d861b34913efa3e7dfd55cd6771c70d8fc6":	1995.9635,
    "0x86987db1cf74d6df0c1f7cb7d10b8df9535a9c26":	1991.27934204,
    "0x82ccea8020dde8df2932f6920c39e1259ff5eea1":	1977.30750489,
    "0x97e02963dada9b62525425a652861d6dbc5f6f4d":	1974.5075,
    "0x05440c5b073b529b4829209dff88090e07c4f6f5":	1968.5439,
    "0x7c09b8e963f625fce440616cca56e567843bfbe1":	1890,
    "0x3f2f6643d170cd377a0dbacd7ca3e5c886d741cc":	1875.1547,
    "0x450c88307d9437885599ac6a3949b2d97b642d84":	1837.6864,
    "0x410c3630cd01bc235c76e494ce6c13d41fd38035":	1830.9282,
    "0x2da3f6e73cf65064c2ed31cbbae4e39f0e3c3c04":	1825.4923,
    "0xc62a2a8a8cc6c0a016c8a72e317d0cb0297ac612":	1822.0855,
    "0x36d47cf0103507e60d119f477dbd29d385f735d9":	1810.99,
    "0x4b72b8720c1ac721836bd115f248ab45a736197e":	1805.3082,
    "0x6a5b4eadb5db3d7e783d964de82948a8a4f2dea5":	1800.84062161,
    "0x00995ae79d60365b2a0c52a5ad19140dfb8d45f2":	1796.34074498,
    "0xbdc21fae769d7f5469993d8e83b465495d88cfc0":	1648.45018711,
    "0x5b8d309767c62b96889ee8799db2258ee57bbe38":	1593.5,
    "0xa2da7a71aea732ac4590bd7077b386c2597f19ed":	1581.0527,
    "0xff6ef346d8e6c0612a129f135b107123bea60f2b":	1555,
    "0x19f21141e2db8324de027464da84bd1eb1b2dce5":	1500,
    "0x24438b0577904542c71a5eb703deba1a88cae04d":	1452.3576,
    "0x95ca0b026b35e4733d447229ac9119476c5ec788":	1445,
    "0xb9b9e0b335778d65b256d2520bd5484a79d11f90":	1415.6529,
    "0x3e5ab6cd9be422dda0ad7a9a201d02b2f6c4ad67":	1404.608,
    "0x98bd570a57736816a1c765adca5a6c5ab86f8b38":	1358.16691792,
    "0x180961956347a2370f59aebf3dc085474624b775":	1326.88,
    "0x835ad98ab8af27814f6563b3117d6b0ab897f83b":	1300,
    "0xb8bf262d5bf06548064578706d4aae6883ba4e5e":	1257.7858,
    "0x7c2ce80b25ab7d0efe70b5149f3b8d2cf61cb58f":	1250.00981298,
    "0x19f930c520a168b74c9b6fb8d768b7bf6a22646a":	1220,
    "0x16555dc0082c5d3c6719f1e9c3d8a60269909467":	1203.36937776,
    "0xd37f8baeccd7d01a4d75b6c5470b2f7ced68af7a":	1190.77284359,
    "0xa0ebd861b255d9c8f3bb4da0a5c9404b1734c5ba":	1189.39182628,
    "0xc9ba1f3bcb0aeaba5bebfffb6b64060ad5bbd96d":	1186.99799269,
    "0x0093e54172c2f443a0a3d9b178418d8bd3d62097":	1163.68879298,